<?xml version="1.0" encoding="UTF-8"?>
<beans xmlns="http://www.springframework.org/schema/beans"
       xmlns:xsi="http://www.w3.org/2001/XMLSchema-instance"
       xmlns:p="http://www.springframework.org/schema/p"
       xmlns:context="http://www.springframework.org/schema/context"
       xmlns:mvc="http://www.springframework.org/schema/mvc"
       xsi:schemaLocation="http://www.springframework.org/schema/beans 
                           http://www.springframework.org/schema/beans/spring-beans.xsd
                           http://www.springframework.org/schema/context 
                           http://www.springframework.org/schema/context/spring-context.xsd
                           http://www.springframework.org/schema/mvc
                           http://www.springframework.org/schema/mvc/spring-mvc.xsd">


    <context:component-scan base-package="com.mphasis.CoinProject"/>
   										 
    <mvc:default-servlet-handler/>

<mvc:annotation-driven/>


<bean class="org.springframework.web.servlet.view.UrlBasedViewResolver" id="viewResolver">

<property value="org.springframework.web.servlet.view.JstlView" name="viewClass"/>

<property value=".jsp" name="suffix"/>

<property value="/WEB-INF/views/" name="prefix"/>

</bean>

</beans>