<?xml version="1.0" encoding="UTF-8"?>
<!DOCTYPE hibernate-configuration PUBLIC 
"-//Hibernate/Hibernate Configuration DTD 3.0//EN" "
http://hibernate.sourceforge.net/hibernate-configuration-3.0.dtd">
<hibernate-configuration>
    <session-factory>
        <property name="hibernate.connection.driver_class">oracle.jdbc.driver.OracleDriver</property>
        <property name="hibernate.connection.url">jdbc:oracle:thin:@localhost:1521:XE</property>
        <property name="hibernate.connection.username">system</property>
        <property name="hibernate.connection.password">12345</property>
        <property name="hibernate.dialect">org.hibernate.dialect.OracleDialect</property>
        <property name="show_sql">true</property>
        <property name="hbm2ddl.auto">update</property>
        
        <mapping class="com.mphasis.CoinProject.model.User"></mapping>
        <mapping class="com.mphasis.CoinProject.model.Product"></mapping>
        <mapping class="com.mphasis.CoinProject.model.Orders"></mapping>
        
    </session-factory>
</hibernate-configuration>