<?xml version="1.0" encoding="UTF-8"?>
<classpath>
	<classpathentry kind="src" path="src"/>
	<classpathentry exported="true" kind="con" path="org.eclipse.jst.j2ee.internal.web.container"/>
	<classpathentry exported="true" kind="con" path="org.eclipse.jst.j2ee.internal.module.container"/>
	<classpathentry exported="true" kind="con" path="org.eclipse.jst.server.core.container/org.eclipse.jst.server.tomcat.runtimeTarget/Apache Tomcat v8.5">
		<attributes>
			<attribute name="owner.project.facets" value="#system#;jst.web"/>
		</attributes>
	</classpathentry>
	<classpathentry exported="true" kind="lib" path="C:/Users/anshi/Desktop/jar/jar/byte-buddy-1.9.7.jar">
		<attributes>
			<attribute name="org.eclipse.jst.component.dependency" value="/WEB-INF/lib"/>
		</attributes>
	</classpathentry>
	<classpathentry exported="true" kind="lib" path="C:/Users/anshi/Desktop/jar/jar/classmate-1.4.0.jar">
		<attributes>
			<attribute name="org.eclipse.jst.component.dependency" value="/WEB-INF/lib"/>
		</attributes>
	</classpathentry>
	<classpathentry exported="true" kind="lib" path="C:/Users/anshi/Desktop/jar/jar/commons-logging-1.2 - Copy.jar">
		<attributes>
			<attribute name="org.eclipse.jst.component.dependency" value="/WEB-INF/lib"/>
		</attributes>
	</classpathentry>
	<classpathentry exported="true" kind="lib" path="C:/Users/anshi/Desktop/jar/jar/commons-logging-1.2.jar">
		<attributes>
			<attribute name="org.eclipse.jst.component.dependency" value="/WEB-INF/lib"/>
		</attributes>
	</classpathentry>
	<classpathentry exported="true" kind="lib" path="C:/Users/anshi/Desktop/jar/jar/dom4j-1.6.1.jar">
		<attributes>
			<attribute name="org.eclipse.jst.component.dependency" value="/WEB-INF/lib"/>
		</attributes>
	</classpathentry>
	<classpathentry exported="true" kind="lib" path="C:/Users/anshi/Desktop/jar/jar/hibernate-commons-annotations-5.1.0.Final.jar">
		<attributes>
			<attribute name="org.eclipse.jst.component.dependency" value="/WEB-INF/lib"/>
		</attributes>
	</classpathentry>
	<classpathentry exported="true" kind="lib" path="C:/Users/anshi/Desktop/jar/jar/hibernate-core-5.4.3.Final.jar">
		<attributes>
			<attribute name="org.eclipse.jst.component.dependency" value="/WEB-INF/lib"/>
		</attributes>
	</classpathentry>
	<classpathentry exported="true" kind="lib" path="C:/Users/anshi/Desktop/jar/jar/hibernate-entitymanager-5.4.3.Final.jar">
		<attributes>
			<attribute name="org.eclipse.jst.component.dependency" value="/WEB-INF/lib"/>
		</attributes>
	</classpathentry>
	<classpathentry exported="true" kind="lib" path="C:/Users/anshi/Desktop/jar/jar/hibernate-jpa-2.1-api-1.0.2.Final.jar">
		<attributes>
			<attribute name="org.eclipse.jst.component.dependency" value="/WEB-INF/lib"/>
		</attributes>
	</classpathentry>
	<classpathentry exported="true" kind="lib" path="C:/Users/anshi/Desktop/jar/jar/hibernate-validator-5.4.3.Final.jar">
		<attributes>
			<attribute name="org.eclipse.jst.component.dependency" value="/WEB-INF/lib"/>
		</attributes>
	</classpathentry>
	<classpathentry exported="true" kind="lib" path="C:/Users/anshi/Desktop/jar/jar/javaee-api-8.0.1.jar">
		<attributes>
			<attribute name="org.eclipse.jst.component.dependency" value="/WEB-INF/lib"/>
		</attributes>
	</classpathentry>
	<classpathentry exported="true" kind="lib" path="C:/Users/anshi/Desktop/jar/jar/jboss-logging-3.3.1.Final.jar">
		<attributes>
			<attribute name="org.eclipse.jst.component.dependency" value="/WEB-INF/lib"/>
		</attributes>
	</classpathentry>
	<classpathentry exported="true" kind="lib" path="C:/Users/anshi/Desktop/jar/jar/jstl-1.2 - Copy.jar">
		<attributes>
			<attribute name="org.eclipse.jst.component.dependency" value="/WEB-INF/lib"/>
		</attributes>
	</classpathentry>
	<classpathentry exported="true" kind="lib" path="C:/Users/anshi/Desktop/jar/jar/jstl-1.2.jar">
		<attributes>
			<attribute name="org.eclipse.jst.component.dependency" value="/WEB-INF/lib"/>
		</attributes>
	</classpathentry>
	<classpathentry exported="true" kind="lib" path="C:/Users/anshi/Desktop/jar/jar/jta-1.1.jar">
		<attributes>
			<attribute name="org.eclipse.jst.component.dependency" value="/WEB-INF/lib"/>
		</attributes>
	</classpathentry>
	<classpathentry exported="true" kind="lib" path="C:/Users/anshi/Desktop/jar/jar/ojdbc6.jar">
		<attributes>
			<attribute name="org.eclipse.jst.component.dependency" value="/WEB-INF/lib"/>
		</attributes>
	</classpathentry>
	<classpathentry exported="true" kind="lib" path="C:/Users/anshi/Desktop/jar/jar/persistence-api-1.0.2.jar">
		<attributes>
			<attribute name="org.eclipse.jst.component.dependency" value="/WEB-INF/lib"/>
		</attributes>
	</classpathentry>
	<classpathentry exported="true" kind="lib" path="C:/Users/anshi/Desktop/jar/jar/slf4j-api-1.7.26.jar">
		<attributes>
			<attribute name="org.eclipse.jst.component.dependency" value="/WEB-INF/lib"/>
		</attributes>
	</classpathentry>
	<classpathentry exported="true" kind="lib" path="C:/Users/anshi/Desktop/jar/jar/spring-aop-4.3.1.RELEASE - Copy.jar">
		<attributes>
			<attribute name="org.eclipse.jst.component.dependency" value="/WEB-INF/lib"/>
		</attributes>
	</classpathentry>
	<classpathentry exported="true" kind="lib" path="C:/Users/anshi/Desktop/jar/jar/spring-aop-4.3.1.RELEASE.jar">
		<attributes>
			<attribute name="org.eclipse.jst.component.dependency" value="/WEB-INF/lib"/>
		</attributes>
	</classpathentry>
	<classpathentry exported="true" kind="lib" path="C:/Users/anshi/Desktop/jar/jar/spring-beans-4.3.1.RELEASE - Copy.jar">
		<attributes>
			<attribute name="org.eclipse.jst.component.dependency" value="/WEB-INF/lib"/>
		</attributes>
	</classpathentry>
	<classpathentry exported="true" kind="lib" path="C:/Users/anshi/Desktop/jar/jar/spring-beans-4.3.1.RELEASE.jar">
		<attributes>
			<attribute name="org.eclipse.jst.component.dependency" value="/WEB-INF/lib"/>
		</attributes>
	</classpathentry>
	<classpathentry exported="true" kind="lib" path="C:/Users/anshi/Desktop/jar/jar/spring-context-4.3.1.RELEASE.jar">
		<attributes>
			<attribute name="org.eclipse.jst.component.dependency" value="/WEB-INF/lib"/>
		</attributes>
	</classpathentry>
	<classpathentry exported="true" kind="lib" path="C:/Users/anshi/Desktop/jar/jar/spring-core-4.3.1.RELEASE.jar">
		<attributes>
			<attribute name="org.eclipse.jst.component.dependency" value="/WEB-INF/lib"/>
		</attributes>
	</classpathentry>
	<classpathentry exported="true" kind="lib" path="C:/Users/anshi/Desktop/jar/jar/spring-expression-4.3.1.RELEASE.jar">
		<attributes>
			<attribute name="org.eclipse.jst.component.dependency" value="/WEB-INF/lib"/>
		</attributes>
	</classpathentry>
	<classpathentry exported="true" kind="lib" path="C:/Users/anshi/Desktop/jar/jar/spring-web-4.3.1.RELEASE.jar">
		<attributes>
			<attribute name="org.eclipse.jst.component.dependency" value="/WEB-INF/lib"/>
		</attributes>
	</classpathentry>
	<classpathentry exported="true" kind="lib" path="C:/Users/anshi/Desktop/jar/jar/spring-webmvc-4.3.1.RELEASE.jar">
		<attributes>
			<attribute name="org.eclipse.jst.component.dependency" value="/WEB-INF/lib"/>
		</attributes>
	</classpathentry>
	<classpathentry exported="true" kind="lib" path="C:/Users/anshi/Desktop/antlr-3.5.2-complete.jar">
		<attributes>
			<attribute name="org.eclipse.jst.component.dependency" value="/WEB-INF/lib"/>
		</attributes>
	</classpathentry>
	<classpathentry exported="true" kind="con" path="org.eclipse.jdt.launching.JRE_CONTAINER"/>
	<classpathentry kind="output" path="build/classes"/>
</classpath>
